Checklist Recall,Checklist Precision,Checklist F1,Checklist Accuracy,Checklist Specificity,Ref Recall,Ref Precision,Ref Specificity,Ref F1,Ref Accuracy,Opt Ref Recall,Opt Ref Precision,Opt Ref Specificity,Opt Ref F1,Opt Ref Accuracy
0.8833333333333333,0.9666666666666667,0.9111111111111111,0.8611111111111112,0.0,0.3333333333333333,0.3333333333333333,0.9796747967479674,0.3333333333333333,0.9642857142857143,0.8333333333333334,0.75,0.991869918699187,0.7777777777777778,0.9880952380952381
