Checklist Recall,Checklist Precision,Checklist F1,Checklist Accuracy,Checklist Specificity,Ref Recall,Ref Precision,Ref Specificity,Ref F1,Ref Accuracy,Opt Ref Recall,Opt Ref Precision,Opt Ref Specificity,Opt Ref F1,Opt Ref Accuracy
0.9166666666666666,1.0,0.9444444444444445,0.9166666666666666,0.0,0.3333333333333333,0.13888888888888887,0.9569691117478979,0.19444444444444442,0.9428012125686545,1.0,0.5277777777777778,0.9724771824885267,0.6666666666666666,0.9731120731120732
